epoch,accuracy,loss,val_accuracy,val_loss
0,0.3224112093448639,9.647470474243164,0.9999249577522278,7.561821460723877
1,0.9625645875930786,7.567361354827881,0.9999249577522278,7.527600288391113
2,0.9969484806060791,7.511560916900635,0.9999249577522278,7.525919437408447
3,0.9998165965080261,7.500918388366699,0.9999249577522278,7.525919437408447
4,0.9998165965080261,7.499564170837402,0.9999249577522278,7.525966167449951
5,0.9661664366722107,nan,0.9999249577522278,nan
6,0.9998165965080261,nan,0.9999249577522278,nan
7,0.9998165965080261,nan,0.9999249577522278,nan
